{
  "model": "yolov13n_local",
  "weights": "E:\\AI_Research\\Model yolov13 cho TTCS\\runs\\local_food_detect\\yolov13n_ecustfd_local\\weights\\best.pt",
  "mAP50": 0.9923296843231675,
  "mAP50_95": 0.9173190289158049,
  "precision": 0.9943480112143244,
  "recall": 0.9971521822363025,
  "params_M": 2.451795,
  "latency_ms": 34.33596699993359,
  "fps": 29.12397952857813,
  "n_test_images": 100,
  "device": "cuda:0"
}