{
  "YOLOv8n FP32": {
    "name": "YOLOv8n FP32",
    "mean_ms": 17.688573340031628,
    "std_ms": 2.6527510525048505,
    "p50_ms": 17.092050024075434,
    "p95_ms": 22.888800012879074,
    "img_per_s": 56.533671810426064,
    "n_samples": 60
  },
  "YOLOv13n FP32": {
    "name": "YOLOv13n FP32",
    "mean_ms": 36.889253333598994,
    "std_ms": 3.881979695521397,
    "p50_ms": 37.02699998393655,
    "p95_ms": 45.081700023729354,
    "img_per_s": 27.10816591912943,
    "n_samples": 60
  },
  "YOLOv13n FP16": {
    "name": "YOLOv13n FP16",
    "mean_ms": 38.09408499801066,
    "std_ms": 3.691441940422522,
    "p50_ms": 38.12449998804368,
    "p95_ms": 44.60770002333447,
    "img_per_s": 26.250794580109268,
    "n_samples": 60
  },
  "YOLOv13n FP32 imgsz=512": {
    "name": "YOLOv13n imgsz=512",
    "mean_ms": 35.82805333620248,
    "std_ms": 3.276397896639442,
    "p50_ms": 35.690550022991374,
    "p95_ms": 40.47339997487143,
    "img_per_s": 27.91108940852082,
    "n_samples": 60
  },
  "YOLOv13n FP16 imgsz=512": {
    "name": "YOLOv13n FP16+512",
    "mean_ms": 36.81866500410251,
    "std_ms": 3.711027291259642,
    "p50_ms": 36.41000000061467,
    "p95_ms": 43.00230002263561,
    "img_per_s": 27.1601373892447,
    "n_samples": 60
  },
  "YOLOv13n ONNX-GPU": {
    "name": "ONNX-GPU",
    "mean_ms": 32.439451660805695,
    "std_ms": 2.9921572711718127,
    "p50_ms": 32.052950002253056,
    "p95_ms": 37.06860000966117,
    "img_per_s": 30.826661635844776,
    "n_samples": 60
  },
  "YOLOv13n TensorRT-EP": {
    "name": "TensorRT-EP",
    "mean_ms": 32.0698666657942,
    "std_ms": 2.462577718959349,
    "p50_ms": 31.578950001858175,
    "p95_ms": 37.15079999528825,
    "img_per_s": 31.181919476659456,
    "n_samples": 60
  }
}