{
  "baseline_file": "runs\\calorie_eval\\per_image_predictions.csv",
  "comparison_file": "runs\\calorie_eval_yolov8n\\per_image_predictions.csv",
  "n_baseline": 1733,
  "n_comparison": 1733,
  "baseline_bootstrap_ci": {
    "mae_kcal": {
      "point": 57.37077721614755,
      "ci_low": 53.69374563437281,
      "ci_high": 61.20892232087935
    },
    "mae_g": {
      "point": 53.97179709608025,
      "ci_low": 50.665435737117924,
      "ci_high": 57.31571846646218
    },
    "mape_kcal": {
      "point": 0.4693296486162254,
      "ci_low": 0.4364347502397267,
      "ci_high": 0.5062758610078959
    }
  },
  "per_class": {
    "apple": {
      "n": 165,
      "mae_g": 74.1683643009505,
      "rmse_g": 86.15392815557733,
      "bias_g": -31.0474327865052,
      "mae_kcal": 38.578455927251895,
      "mape_kcal": 0.28132725881011167,
      "mae_g_ci": {
        "point": 74.1683643009505,
        "ci_low": 67.54330584772006,
        "ci_high": 80.91689944202652
      },
      "mape_kcal_ci": {
        "point": 0.28132725881011167,
        "ci_low": 0.2555185951191931,
        "ci_high": 0.3067699651509726
      }
    },
    "banana": {
      "n": 102,
      "mae_g": 127.78147352052619,
      "rmse_g": 147.6485987048199,
      "bias_g": 26.704181931050453,
      "mae_kcal": 110.41398829552995,
      "mape_kcal": 0.798575898418548,
      "mae_g_ci": {
        "point": 127.78147352052619,
        "ci_low": 114.9546762359743,
        "ci_high": 143.63740416500247
      },
      "mape_kcal_ci": {
        "point": 0.798575898418548,
        "ci_low": 0.7321904599031749,
        "ci_high": 0.8743976087038178
      }
    },
    "bread": {
      "n": 35,
      "mae_g": 76.70388116715546,
      "rmse_g": 101.5815372232038,
      "bias_g": 51.69741503527226,
      "mae_kcal": 211.55241505854414,
      "mape_kcal": 2.696211891480089,
      "mae_g_ci": {
        "point": 76.70388116715546,
        "ci_low": 55.354972215316224,
        "ci_high": 99.16782540726484
      },
      "mape_kcal_ci": {
        "point": 2.6962118914800888,
        "ci_low": 1.8874822144938932,
        "ci_high": 3.5439244284192566
      }
    },
    "bun": {
      "n": 58,
      "mae_g": 38.96553696281627,
      "rmse_g": 43.5347816833631,
      "bias_g": -38.851015075530704,
      "mae_kcal": 86.89314742708028,
      "mape_kcal": 0.5002509566987012,
      "mae_g_ci": {
        "point": 38.96553696281626,
        "ci_low": 33.68757918797559,
        "ci_high": 43.85951689450038
      },
      "mape_kcal_ci": {
        "point": 0.5002509566987012,
        "ci_low": 0.43546305274123276,
        "ci_high": 0.5601427645655351
      }
    },
    "doughnut": {
      "n": 122,
      "mae_g": 35.191022654106284,
      "rmse_g": 37.994110624315276,
      "bias_g": -12.579580125961145,
      "mae_kcal": 159.0683618921657,
      "mape_kcal": 0.6228557883658534,
      "mae_g_ci": {
        "point": 35.1910226541063,
        "ci_low": 32.60598304421028,
        "ci_high": 37.69054119641712
      },
      "mape_kcal_ci": {
        "point": 0.6228557883658533,
        "ci_low": 0.5800201058545498,
        "ci_high": 0.6648150214659
      }
    },
    "egg": {
      "n": 60,
      "mae_g": 13.067764863234391,
      "rmse_g": 17.717712680621357,
      "bias_g": -2.3611846682795155,
      "mae_kcal": 18.71961989158208,
      "mape_kcal": 0.19848880718459794,
      "mae_g_ci": {
        "point": 13.067764863234393,
        "ci_low": 10.206429817091445,
        "ci_high": 16.297336903704856
      },
      "mape_kcal_ci": {
        "point": 0.19848880718459794,
        "ci_low": 0.15518623134087198,
        "ci_high": 0.24539024296989845
      }
    },
    "fired_dough_twist": {
      "n": 65,
      "mae_g": 16.288334305941003,
      "rmse_g": 20.06174461414425,
      "bias_g": -12.797899614252865,
      "mae_kcal": 68.1864288910816,
      "mape_kcal": 0.36788179586030284,
      "mae_g_ci": {
        "point": 16.288334305941003,
        "ci_low": 13.635392914608259,
        "ci_high": 19.33939988473855
      },
      "mape_kcal_ci": {
        "point": 0.36788179586030284,
        "ci_low": 0.31922247046657737,
        "ci_high": 0.41772171169568023
      }
    },
    "grape": {
      "n": 34,
      "mae_g": 295.4114906881487,
      "rmse_g": 366.1895974687912,
      "bias_g": 295.4114906881487,
      "mae_kcal": 203.83392857482258,
      "mape_kcal": 1.3458382263696977,
      "mae_g_ci": {
        "point": 295.4114906881487,
        "ci_low": 221.1674134878434,
        "ci_high": 368.2169859065249
      },
      "mape_kcal_ci": {
        "point": 1.3458382263696977,
        "ci_low": 1.0075964168011087,
        "ci_high": 1.677526131692596
      }
    },
    "lemon": {
      "n": 149,
      "mae_g": 32.765636541032926,
      "rmse_g": 48.85329836203485,
      "bias_g": -0.585668513947431,
      "mae_kcal": 14.81191835022929,
      "mape_kcal": 0.26052485605530956,
      "mae_g_ci": {
        "point": 32.76563654103292,
        "ci_low": 27.001418316038652,
        "ci_high": 38.92980905655261
      },
      "mape_kcal_ci": {
        "point": 0.26052485605530956,
        "ci_low": 0.22002571524245912,
        "ci_high": 0.30430961870570217
      }
    },
    "litchi": {
      "n": 48,
      "mae_g": 6.218054553097186,
      "rmse_g": 7.312708729195413,
      "bias_g": 4.760887637775255,
      "mae_kcal": 4.103916005044143,
      "mape_kcal": 0.14392715800986963,
      "mae_g_ci": {
        "point": 6.218054553097185,
        "ci_low": 5.155972579663585,
        "ci_high": 7.322054368026404
      },
      "mape_kcal_ci": {
        "point": 0.14392715800986963,
        "ci_low": 0.11841117828094852,
        "ci_high": 0.1709531908107572
      }
    },
    "mango": {
      "n": 126,
      "mae_g": 46.84715477887259,
      "rmse_g": 68.25649387532316,
      "bias_g": -3.347553677625636,
      "mae_kcal": 24.2965797405166,
      "mape_kcal": 0.39162627001631606,
      "mae_g_ci": {
        "point": 46.84715477887259,
        "ci_low": 38.55556245678533,
        "ci_high": 55.94638296494368
      },
      "mape_kcal_ci": {
        "point": 0.391626270016316,
        "ci_low": 0.3461446123931493,
        "ci_high": 0.4376149272426187
      }
    },
    "orange": {
      "n": 148,
      "mae_g": 65.67735249976353,
      "rmse_g": 102.16186143852993,
      "bias_g": 32.870067447934964,
      "mae_kcal": 35.219173341256344,
      "mape_kcal": 0.3655770615391092,
      "mae_g_ci": {
        "point": 65.67735249976353,
        "ci_low": 54.074349323923975,
        "ci_high": 78.97174526709755
      },
      "mape_kcal_ci": {
        "point": 0.3655770615391093,
        "ci_low": 0.2788811781540454,
        "ci_high": 0.47323847123050977
      }
    },
    "mooncake": {
      "n": 68,
      "mae_g": 37.7751897182508,
      "rmse_g": 49.307617978825384,
      "bias_g": -18.183305936575504,
      "mae_kcal": 161.7852556848384,
      "mape_kcal": 0.5591140541683229,
      "mae_g_ci": {
        "point": 37.77518971825081,
        "ci_low": 30.356912595198516,
        "ci_high": 45.49894218793383
      },
      "mape_kcal_ci": {
        "point": 0.559114054168323,
        "ci_low": 0.49177349770581796,
        "ci_high": 0.6238716007354499
      }
    },
    "peach": {
      "n": 78,
      "mae_g": 32.821886323690705,
      "rmse_g": 56.404354362871885,
      "bias_g": 14.170364000996894,
      "mae_kcal": 16.181955993663177,
      "mape_kcal": 0.31847838377351617,
      "mae_g_ci": {
        "point": 32.821886323690705,
        "ci_low": 23.596004586139415,
        "ci_high": 43.59640188597162
      },
      "mape_kcal_ci": {
        "point": 0.31847838377351617,
        "ci_low": 0.23788305659130268,
        "ci_high": 0.41196856145804
      }
    },
    "pear": {
      "n": 92,
      "mae_g": 50.10902722064905,
      "rmse_g": 66.06534699219519,
      "bias_g": -21.143496168855396,
      "mae_kcal": 31.434332134518332,
      "mape_kcal": 0.23819269181700042,
      "mae_g_ci": {
        "point": 50.10902722064905,