{
  "model": "yolov13n_local",
  "weights": "runs\\local_food_detect\\yolov13n_ecustfd_local\\weights\\best.pt",
  "mAP50": 0.9923296843231675,
  "mAP50_95": 0.9173190289158049,
  "precision": 0.9943480112143244,
  "recall": 0.9971521822363025,
  "device": "cuda:0",
  "per_class": {
    "apple": {
      "mAP50": 0.995,
      "mAP50_95": 0.9689767956634304,
      "precision": 0.9992280565299894,
      "recall": 1.0,
      "f1": 0.9996138792332925
    },
    "banana": {
      "mAP50": 0.995,
      "mAP50_95": 0.8128591465793201,
      "precision": 1.0,
      "recall": 0.984648781162646,
      "f1": 0.9922650198951771
    },
    "bread": {
      "mAP50": 0.995,
      "mAP50_95": 0.8970385416666666,
      "precision": 0.994908957613951,
      "recall": 1.0,
      "f1": 0.99744798259258
    },
    "bun": {
      "mAP50": 0.995,
      "mAP50_95": 0.8914658757575757,
      "precision": 0.9930877054988115,
      "recall": 1.0,
      "f1": 0.996531866368892
    },
    "doughnut": {
      "mAP50": 0.995,
      "mAP50_95": 0.9590884762507154,
      "precision": 0.9983582606357861,
      "recall": 1.0,
      "f1": 0.9991784559372795
    },
    "egg": {
      "mAP50": 0.995,
      "mAP50_95": 0.9253800600343054,
      "precision": 0.9951858388632385,
      "recall": 1.0,
      "f1": 0.9975871114143912
    },
    "fired_dough_twist": {
      "mAP50": 0.995,
      "mAP50_95": 0.9172333325299988,
      "precision": 0.9964085573484627,
      "recall": 1.0,
      "f1": 0.9982010482582246
    },
    "grape": {
      "mAP50": 0.995,
      "mAP50_95": 0.9482245833333334,
      "precision": 0.9917339484136836,
      "recall": 1.0,
      "f1": 0.9958498214116901
    },
    "lemon": {
      "mAP50": 0.995,
      "mAP50_95": 0.9471018964803314,
      "precision": 0.9939179055695064,
      "recall": 1.0,
      "f1": 0.9969496766072943
    },
    "litchi": {
      "mAP50": 0.995,
      "mAP50_95": 0.9182701623376623,
      "precision": 0.9931665712281512,
      "recall": 1.0,
      "f1": 0.9965715716536234
    },
    "mango": {
      "mAP50": 0.995,
      "mAP50_95": 0.9574690293057906,
      "precision": 0.9986239415222311,
      "recall": 1.0,
      "f1": 0.9993114970509556
    },
    "mooncake": {
      "mAP50": 0.995,
      "mAP50_95": 0.8956972625518251,
      "precision": 0.9970721727955173,
      "recall": 1.0,
      "f1": 0.9985339402128947
    },
    "orange": {
      "mAP50": 0.995,
      "mAP50_95": 0.9491226996885527,
      "precision": 0.9984880913769955,
      "recall": 1.0,
      "f1": 0.999243473789247
    },
    "peach": {
      "mAP50": 0.995,
      "mAP50_95": 0.9395212454212455,
      "precision": 0.9966267739552117,
      "recall": 1.0,
      "f1": 0.9983105375081662
    },
    "pear": {
      "mAP50": 0.995,
      "mAP50_95": 0.912047184175723,
      "precision": 0.9976712048845909,
      "recall": 1.0,
      "f1": 0.9988342450400672
    },
    "plum": {
      "mAP50": 0.995,
      "mAP50_95": 0.9289864782836211,
      "precision": 0.9974861057758361,
      "recall": 1.0,
      "f1": 0.9987414709835053
    },
    "qiwi": {
      "mAP50": 0.995,
      "mAP50_95": 0.9054822598525298,
      "precision": 0.9973490898076045,
      "recall": 1.0,
      "f1": 0.9986727857408988
    },
    "sachima": {
      "mAP50": 0.995,
      "mAP50_95": 0.9259188702525545,
      "precision": 0.9973563026698112,
      "recall": 1.0,
      "f1": 0.9986764017383102
    },
    "tomato": {
      "mAP50": 0.9427333333333335,
      "mAP50_95": 0.8779074075377968,
      "precision": 0.9519610376722408,
      "recall": 0.96,
      "f1": 0.9559636186707839
    },
    "coin": {
      "mAP50": 0.993860353130016,
      "mAP50_95": 0.8685892706131216,
      "precision": 0.9983297021248657,
      "recall": 0.9983948635634029,
      "f1": 0.9983622817808897
    }
  }
}