image,status,class_name,confidence,width_px,height_px,width_mm,height_mm,depth_mm,geometry,density_g_cm3,kcal_per_100g,volume_cm3,mass_g,calorie_kcal
datasets\ECUSTFD\images\test\apple015S(1).JPG,ok,apple,0.9719204902648926,222.99493408203125,195.2904052734375,84.92331522834064,74.37258032958567,63.21669328014782,ellipsoid,0.84,52,209.05963444740314,175.61009293581864,91.31724832662569
datasets\ECUSTFD\images\test\banana011S(1).JPG,ok,banana,0.9474499225616455,365.5545654296875,95.52120971679688,137.6289543432572,35.96312412477417,19.779718268625793,ellipsoid,0.94,89,51.26086684088252,48.185214830429565,42.88484119908231
datasets\ECUSTFD\images\test\bread004S(1).JPG,ok,bread,0.9619470238685608,474.11651611328125,121.39022827148438,118.55655617656451,30.354579366553057,13.659560714948876,box,0.27,265,49.15713095027058,13.272425356573057,35.1719271949186
datasets\ECUSTFD\images\test\bun004S(1).JPG,ok,bun,0.9868789315223694,228.02447509765625,181.14598083496094,77.70164340991276,61.72732291982677,27.777295313922046,ellipsoid,0.35,223,69.75835406470335,24.415423922646173,54.44639534750097
datasets\ECUSTFD\images\test\doughnut006S(1).JPG,ok,doughnut,0.9660785794258118,268.24169921875,101.35595703125,101.60734437887811,38.39264984124112,13.437427444434393,cylinder,0.33,452,41.16984219439195,13.586047924149343,61.408936617155035
datasets\ECUSTFD\images\test\egg004S(1).JPG,ok,egg,0.9855341911315918,145.8695068359375,135.71163940429688,50.55163803483411,47.03139004916246,35.273542536871844,ellipsoid,1.03,155,43.91073919339009,45.2280613691918,70.10349512224728
datasets\ECUSTFD\images\test\fired_dough_twist004S(1).JPG,ok,fired_dough_twist,0.9727261066436768,274.93890380859375,113.10612487792969,94.80426884485448,39.00118652685107,13.650415284397875,cylinder,0.35,450,39.640713086711344,13.87424958034897,62.43412311157036
datasets\ECUSTFD\images\test\grape002S(1).JPG,ok,grape,0.9877739548683167,308.8079528808594,195.08599853515625,117.74870804228333,74.38644008470816,66.94779607623734,ellipsoid,0.96,69,307.03284209762245,294.75152841371755,203.3785546054651
